Lead_ID,smiles,WCS,max_tanimoto_similarity,novelty_status
Pgp-Lead-01,Cc1cc(C)c2c(c1)c(=O)c1ccccc1n2[C@]12CCC(C)(C)C[C@H]1C1=CC[C@@H]3[C@@]4(C)Cc5nccnc5[C@@](C)(CO)[C@@H]4CC[C@@]3(C)[C@]1(C)CC2,0.7912743470199743,0.5670103092783505,High Novelty
Pgp-Lead-02,Cc1cc(C)c2c(c1)c(=O)c1ccccc1n2C1([C@]23CCC(C)(C)C[C@H]2C2=CC[C@@H]4[C@@]5(C)Cc6nccnc6[C@@](C)(CO)[C@@H]5CC[C@@]4(C)[C@]2(C)CC3)N=N1,0.7830577364205268,0.5445544554455446,High Novelty
Pgp-Lead-03,Cc1cc(C)c2c(c1)c(=O)c1ccccc1n2-c1cc2cc(-c3ccc4[nH]c(-n5c6ccccc6c(=O)c6cc(C)cc(C)c65)cc4c3)ccc2[nH]1,0.7753010583537183,0.4262295081967213,High Novelty
Pgp-Lead-04,Cc1cc(C)c2c(c1)c(=O)c1ccccc1n2-c1ccc2c(c1)Cc1ccccc1-2,0.7685097052551643,0.45901639344262296,High Novelty
Pgp-Lead-05,Cc1cc(C)c2c(c1)c(=O)c1ccccc1n2C1(N2CCN(C)CC2)N=N1,0.7683944428549832,0.5614035087719298,High Novelty
Pgp-Lead-06,Cc1cc(C)c2c(c1)c(=O)c1ccccc1n2C1(c2ccccc2C)N=N1,0.7653200598744557,0.4482758620689655,High Novelty
Pgp-Lead-07,Cc1cc(C)c2c(c1)c(=O)c1ccccc1n2C1(c2cccc(C)c2C)N=N1,0.7611644579352568,0.42857142857142855,High Novelty
Pgp-Lead-08,CCCCCC(=O)N1CCC(N2CCC(n3c4ccccc4c(=O)c4cc(C)cc(C)c43)CC2)CC1,0.7498493811165206,0.4305555555555556,High Novelty
Pgp-Lead-09,Cc1cc(C)c2c(c1)c(=O)c1ccccc1n2CCC(=O)[C@H]1CCCCO1,0.749706786147754,0.5555555555555556,High Novelty
Pgp-Lead-10,Cc1cc(C)c2c(c1)c(=O)c1ccccc1n2CCC(=O)[C@@H]1CCCCO1,0.749706786147754,0.5555555555555556,High Novelty
Pgp-Lead-11,Cc1cc(C)c2c(c1)c(=O)c1ccccc1n2C1CCN(C2CCN([C@@H]3CCCCO3)CC2)CC1,0.7485421159807253,0.45588235294117646,High Novelty
Pgp-Lead-12,Cc1cc(C)c2c(c1)c(=O)c1ccccc1n2C1CCN(C2CCN([C@H]3CCCCO3)CC2)CC1,0.7485421159807253,0.45588235294117646,High Novelty
Pgp-Lead-13,Cc1cc(C)c2c(c1)c(=O)c1ccccc1n2-c1cccc([C@H]2CCCCO2)c1,0.7485420020410212,0.4411764705882353,High Novelty
Pgp-Lead-14,Cc1cc(C)c2c(c1)c(=O)c1ccccc1n2-c1cccc([C@@H]2CCCCO2)c1,0.7485420020410212,0.4411764705882353,High Novelty
Pgp-Lead-15,Cc1cc(C)c2c(c1)c(=O)c1ccccc1n2C1CCN([C@H]2CCCCO2)CC1,0.7479213694621589,0.4696969696969697,High Novelty
Pgp-Lead-16,Cc1cc(C)c2c(c1)c(=O)c1ccccc1n2C1CCN([C@@H]2CCCCO2)CC1,0.7479213694621589,0.4696969696969697,High Novelty
Pgp-Lead-17,Cc1cc(C)c2c(c1)c(=O)c1ccccc1n2-c1cccc2c(=O)c3cccc(-n4c5ccccc5c(=O)c5cc(C)cc(C)c54)c3[nH]c12,0.7478218592602551,0.46808510638297873,High Novelty
Pgp-Lead-18,Cc1cc(C)c2c(c1)c(=O)c1ccccc1n2C1(c2cc(C)c(C)cc2C)N=N1,0.7470307558873136,0.4406779661016949,High Novelty
Pgp-Lead-19,CCCCCC(=O)N1CCC(n2c3ccccc3c(=O)c3cc(C)cc(C)c32)CC1,0.7448378846757611,0.45588235294117646,High Novelty
Pgp-Lead-20,Cc1cc(C)c2c(c1)c(=O)c1ccccc1n2-c1ccc([C@H]2CCCCO2)cc1,0.7439186952691452,0.45454545454545453,High Novelty
Pgp-Lead-21,Cc1cc(C)c2c(c1)c(=O)c1ccccc1n2-c1ccc([C@@H]2CCCCO2)cc1,0.7439186952691452,0.45454545454545453,High Novelty
Pgp-Lead-22,Cc1cc(C)c2c(c1)c(=O)c1ccccc1n2-c1cc(=O)c2ccccc2o1,0.7425330471753118,0.4426229508196721,High Novelty
Pgp-Lead-23,Cc1cc(C)c2c(c1)c(=O)c1ccccc1n2-c1ccc(-c2ccc([C@@H]3CCCCO3)cc2)cc1,0.7397424178389101,0.43478260869565216,High Novelty
Pgp-Lead-24,Cc1cc(C)c2c(c1)c(=O)c1ccccc1n2-c1ccc(-c2ccc([C@H]3CCCCO3)cc2)cc1,0.7397424178389101,0.43478260869565216,High Novelty
Pgp-Lead-25,Cc1cc(C)c2c(c1)c(=O)c1ccccc1n2C1(O)CCN(C2(O)CCN([C@@H]3CCCCO3)CC2)CC1,0.7383655032659606,0.4246575342465753,High Novelty
Pgp-Lead-26,Cc1cc(C)c2c(c1)c(=O)c1ccccc1n2C1(O)CCN(C2(O)CCN([C@H]3CCCCO3)CC2)CC1,0.7383655032659606,0.4246575342465753,High Novelty
Pgp-Lead-27,Cc1cc(C)c2c(c1)c(=O)c1ccccc1n2[C@H]1CC[C@@H]([C@@H]2CCCCO2)CC1,0.7376023928646658,0.45454545454545453,High Novelty
Pgp-Lead-28,Cc1cc(C)c2c(c1)c(=O)c1ccccc1n2[C@H]1CC[C@H]([C@H]2CCCCO2)CC1,0.7376023928646658,0.45454545454545453,High Novelty
Pgp-Lead-29,Cc1cc(C)c2c(c1)c(=O)c1ccccc1n2[C@H]1CC[C@@H]([C@H]2CCCCO2)CC1,0.7376023928646658,0.45454545454545453,High Novelty
Pgp-Lead-30,Cc1cc(C)c2c(c1)c(=O)c1ccccc1n2[C@H]1CC[C@H]([C@@H]2CCCCO2)CC1,0.7376023928646658,0.45454545454545453,High Novelty
Pgp-Lead-31,Cc1cc(C)c2c(c1)c(=O)c1ccccc1n2-c1ccccc1[C@H]1CCCCO1,0.7363932946716658,0.46153846153846156,High Novelty
Pgp-Lead-32,Cc1cc(C)c2c(c1)c(=O)c1ccccc1n2-c1ccccc1[C@@H]1CCCCO1,0.7363932946716658,0.46153846153846156,High Novelty
Pgp-Lead-33,Cc1cc(C)c2c(c1)c(=O)c1ccccc1n2C12CC3CC(CC(C3)C1)C2,0.7361520033926618,0.46551724137931033,High Novelty
Pgp-Lead-34,Cc1cc(C)c2c(c1)c(=O)c1ccccc1n2-c1ccccc1-c1ccccc1[C@H]1CCCCO1,0.7347800800144051,0.43478260869565216,High Novelty
Pgp-Lead-35,Cc1cc(C)c2c(c1)c(=O)c1ccccc1n2-c1ccccc1-c1ccccc1[C@@H]1CCCCO1,0.7347800800144051,0.43478260869565216,High Novelty
Pgp-Lead-36,Cc1cc(C)c2c(c1)c(=O)c1ccccc1n2-c1coc2ccccc2c1=O,0.7346621636195443,0.45,High Novelty
Pgp-Lead-37,Cc1cccc(C2(n3c4ccccc4c(=O)c4cc(C)cc(C)c43)N=N2)c1,0.7339998247763637,0.43333333333333335,High Novelty
Pgp-Lead-38,Cc1cccc(-c2coc3cc(O)c4c(=O)c([C@H]5CCCCO5)coc4c3c2=O)c1,0.7339647216376168,0.6964285714285714,High Novelty
Pgp-Lead-39,Cc1cccc(-c2coc3cc(O)c4c(=O)c(-c5coc6c(c(O)cc7occ([C@H]8CCCCO8)c(=O)c76)c5=O)coc4c3c2=O)c1,0.7339647216376168,0.6964285714285714,High Novelty
Pgp-Lead-40,Cc1cccc(-c2coc3c(c(O)cc4occ(-c5coc6c(c(O)cc7occ([C@H]8CCCCO8)c(=O)c76)c5=O)c(=O)c43)c2=O)c1,0.7339647216376168,0.6964285714285714,High Novelty
Pgp-Lead-41,Cc1cccc(-c2coc3cc(O)c4c(=O)c(-c5coc6c(c(O)cc7occ([C@@H]8CCCCO8)c(=O)c76)c5=O)coc4c3c2=O)c1,0.7339647216376168,0.6964285714285714,High Novelty
Pgp-Lead-42,Cc1cccc(-c2coc3c(c(O)cc4occ(-c5coc6c(c(O)cc7occ([C@@H]8CCCCO8)c(=O)c76)c5=O)c(=O)c43)c2=O)c1,0.7339647216376168,0.6964285714285714,High Novelty
Pgp-Lead-43,Cc1cccc(-c2coc3c(c(O)cc4occ([C@H]5CCCCO5)c(=O)c43)c2=O)c1,0.7339647216376168,0.6964285714285714,High Novelty
Pgp-Lead-44,Cc1cccc(-c2coc3c(c(O)cc4occ([C@@H]5CCCCO5)c(=O)c43)c2=O)c1,0.7339647216376168,0.6964285714285714,High Novelty
Pgp-Lead-45,Cc1cccc(-c2coc3c(c(O)cc4occ(-c5coc6cc(O)c7c(=O)c([C@H]8CCCCO8)coc7c6c5=O)c(=O)c43)c2=O)c1,0.7339647216376168,0.6964285714285714,High Novelty
Pgp-Lead-46,Cc1cccc(-c2coc3cc(O)c4c(=O)c([C@@H]5CCCCO5)coc4c3c2=O)c1,0.7339647216376168,0.6964285714285714,High Novelty
Pgp-Lead-47,Cc1cccc(-c2coc3cc(O)c4c(=O)c(-c5coc6cc(O)c7c(=O)c([C@@H]8CCCCO8)coc7c6c5=O)coc4c3c2=O)c1,0.7339647216376168,0.6964285714285714,High Novelty
Pgp-Lead-48,Cc1cccc(-c2coc3c(c(O)cc4occ(-c5coc6cc(O)c7c(=O)c([C@@H]8CCCCO8)coc7c6c5=O)c(=O)c43)c2=O)c1,0.7339647216376168,0.6964285714285714,High Novelty
Pgp-Lead-49,Cc1cccc(-c2coc3cc(O)c4c(=O)c(-c5coc6cc(O)c7c(=O)c([C@H]8CCCCO8)coc7c6c5=O)coc4c3c2=O)c1,0.7339647216376168,0.6964285714285714,High Novelty
Pgp-Lead-50,Cc1cc(C)c2c(c1)c(=O)c1ccccc1n2C1(c2ccc3ccccc3n2)N=N1,0.733506749242838,0.42857142857142855,High Novelty
Pgp-Lead-51,CCCCCC(=O)N1CCC(O)(N2CCC(O)(n3c4ccccc4c(=O)c4cc(C)cc(C)c43)CC2)CC1,0.7332139607394266,0.4444444444444444,High Novelty
Pgp-Lead-52,Cc1cc(C)c2c(c1)c(=O)c1ccccc1n2-c1cc([C@H]2CCCCO2)ccc1F,0.732484029273562,0.42857142857142855,High Novelty
Pgp-Lead-53,Cc1cc(C)c2c(c1)c(=O)c1ccccc1n2-c1cc([C@@H]2CCCCO2)ccc1F,0.732484029273562,0.42857142857142855,High Novelty
Pgp-Lead-54,Cc1cc(C)c2c(c1)c(=O)c1ccccc1n2C1(O)CCN([C@@H]2CCCCO2)CC1,0.7272933914162801,0.44285714285714284,High Novelty
Pgp-Lead-55,Cc1cc(C)c2c(c1)c(=O)c1ccccc1n2C1(O)CCN([C@H]2CCCCO2)CC1,0.7272933914162801,0.44285714285714284,High Novelty
Pgp-Lead-56,Cc1cc(C)c2c(c1)c(=O)c1ccccc1n2[C@H]1C=C[C@@H]([C@H]2CCCCO2)C1,0.727237151160435,0.43478260869565216,High Novelty
Pgp-Lead-57,Cc1cc(C)c2c(c1)c(=O)c1ccccc1n2[C@@H]1C=C[C@H]([C@@H]2CCCCO2)C1,0.727237151160435,0.43478260869565216,High Novelty
Pgp-Lead-58,Cc1cc(C)c2c(c1)c(=O)c1ccccc1n2[C@H]1C=C[C@@H]([C@@H]2CCCCO2)C1,0.727237151160435,0.43478260869565216,High Novelty
Pgp-Lead-59,Cc1cc(C)c2c(c1)c(=O)c1ccccc1n2[C@@H]1C=C[C@H]([C@H]2CCCCO2)C1,0.727237151160435,0.43478260869565216,High Novelty
Pgp-Lead-60,Cc1cc(C)c2c(c1)c(=O)c1ccccc1n2C1CCN(C(=O)C2c3ccccc3-c3ccccc32)CC1,0.7259794731688921,0.42028985507246375,High Novelty
Pgp-Lead-61,Cc1cc(C)c2c(c1)c(=O)c1ccccc1n2C1(c2ccc(Cl)cc2)N=N1,0.724185619366644,0.4262295081967213,High Novelty
Pgp-Lead-62,Cc1cc(C)c2c(c1)c(=O)c1ccccc1n2C1(C23CC4CC(CC(C4)C2)C3)N=N1,0.7235630758228208,0.42857142857142855,High Novelty
Pgp-Lead-63,Cc1cc(C)c2c(c1)c(=O)c1ccccc1n2C1([C@H]2CO[C@H]3OCC[C@H]32)N=N1,0.7235424086513542,0.42857142857142855,High Novelty
Pgp-Lead-64,Cc1cc(C)c2c(c1)c(=O)c1ccccc1n2C1(c2c3ccccc3cc3ccccc23)N=N1,0.7231944823041426,0.43333333333333335,High Novelty
Pgp-Lead-65,Cc1cc(C)c2c(c1)c(=O)c1ccccc1n2[C@H]1CC[C@@H](n2c3ccccc3c(=O)c3cc(C)cc(C)c32)CC1,0.7230463439010402,0.5094339622641509,High Novelty
Pgp-Lead-66,Cc1cc(C)c2c(c1)c(=O)c1ccccc1n2[C@H]1CC[C@H](n2c3ccccc3c(=O)c3cc(C)cc(C)c32)CC1,0.7230463439010402,0.5094339622641509,High Novelty
Pgp-Lead-67,Cc1cc(C)c2c(c1)c(=O)c1ccccc1n2C1(N2c3ccccc3CCc3ccccc32)N=N1,0.722173896150681,0.4444444444444444,High Novelty
Pgp-Lead-68,CCCCCC(=O)N1CCC(O)(n2c3ccccc3c(=O)c3cc(C)cc(C)c32)CC1,0.7220483414898275,0.4492753623188406,High Novelty
Pgp-Lead-69,Cc1cc(C)c2c(c1)c(=O)c1ccccc1n2[C@H]1CC[C@@](C)(n2c3ccccc3c(=O)c3cc(C)cc(C)c32)O1,0.7213792208916455,0.4393939393939394,High Novelty
Pgp-Lead-70,Cc1cccc(-c2coc3c(c(O)cc4occ(-c5coc6c(c(O)cc7occ(-c8cccc(C)c8C)c(=O)c76)c5=O)c(=O)c43)c2=O)c1C,0.7189979876513256,0.6739130434782609,High Novelty
Pgp-Lead-71,Cc1cccc(-c2coc3cc(O)c4c(=O)c(-c5coc6c(c(O)cc7occ(-c8cccc(C)c8C)c(=O)c76)c5=O)coc4c3c2=O)c1C,0.7189979876513256,0.6739130434782609,High Novelty
Pgp-Lead-72,Cc1cccc(-c2coc3c(c(O)cc4occ(-c5coc6cc(O)c7c(=O)c(-c8cccc(C)c8C)coc7c6c5=O)c(=O)c43)c2=O)c1C,0.7189979876513256,0.6739130434782609,High Novelty
Pgp-Lead-73,Cc1cccc(-c2coc3c(c(O)cc4occ(-c5cccc(C)c5C)c(=O)c43)c2=O)c1C,0.7189979876513256,0.6739130434782609,High Novelty
Pgp-Lead-74,CC(=O)N1CCC(O)(N2CCC(O)(n3c4ccccc4c(=O)c4cc(C)cc(C)c43)CC2)CC1,0.7189010188856675,0.45454545454545453,High Novelty
Pgp-Lead-75,O=c1c(-c2ccc3c(c2)Cc2ccccc2-3)coc2c1c(O)cc1occ(-c3ccc4c(c3)Cc3ccccc3-4)c(=O)c12,0.7187448435503392,0.5961538461538461,High Novelty
Pgp-Lead-76,Cc1cc(C)c2c(c1)c(=O)c1ccccc1n2C1(c2ccccc2Cl)N=N1,0.7186729571328214,0.4262295081967213,High Novelty
Pgp-Lead-77,Cc1cc(C)c2c(c1)c(=O)c1ccccc1n2C1(O)CCN(C2(n3c4ccccc4c(=O)c4cc(C)cc(C)c43)N=N2)CC1,0.7183402376991244,0.46875,High Novelty
Pgp-Lead-78,Cc1cc(C)c2c(c1)c(=O)c1ccccc1n2-c1ccc([C@@H]2CCCCO2)cc1O,0.7168056035050157,0.42857142857142855,High Novelty
Pgp-Lead-79,Cc1cc(C)c2c(c1)c(=O)c1ccccc1n2-c1ccc([C@H]2CCCCO2)cc1O,0.7168056035050157,0.42857142857142855,High Novelty
Pgp-Lead-80,Cc1cc(C)c2c(c1)c(=O)c1ccccc1n2-c1ccc2c(C)c(C)c(=O)oc2c1,0.7166905922976763,0.4444444444444444,High Novelty
Pgp-Lead-81,Cc1cc(C)c2c(c1)c(=O)c1ccccc1n2CCn1c2ccccc2c(=O)c2cc(C)cc(C)c21,0.7162362191060043,0.7272727272727273,Analogue/Derivative
Pgp-Lead-82,Cc1cc(C)c2c(c1)c(=O)c1ccccc1n2C1(N2CCc3ccccc3C2)N=N1,0.7155992389430941,0.453125,High Novelty
Pgp-Lead-83,Cc1cccc(SSc2coc3cc(O)c4c(=O)c(-c5cccc(C)c5)coc4c3c2=O)c1,0.7151015489283381,0.7647058823529411,Analogue/Derivative
Pgp-Lead-84,Cc1cccc(SSc2coc3c(c(O)cc4occ(-c5cccc(C)c5)c(=O)c43)c2=O)c1,0.7151015489283381,0.7647058823529411,Analogue/Derivative
Pgp-Lead-85,Cc1cc(C)c2c(c1)c(=O)c1ccccc1n2-c1c2ccccc2cc2ccccc12,0.7120353258037211,0.48148148148148145,High Novelty
Pgp-Lead-86,Cc1cc(C)c2c(c1)c(=O)c1ccccc1n2-c1cccc2ncccc12,0.7105970025485671,0.43333333333333335,High Novelty
Pgp-Lead-87,Cc1cc(C)c2c(c1)c(=O)c1ccccc1n2C1(C2CCC(F)(F)CC2)N=N1,0.7105567349900993,0.421875,High Novelty
Pgp-Lead-88,Cc1cc(C)c2c(c1)c(=O)c1ccccc1n2C1(n2c3ccccc3c(=O)c3cc(C)cc(C)c32)N=N1,0.7105202410951275,0.49056603773584906,High Novelty
Pgp-Lead-89,Cc1cc(C)c2c(c1)c(=O)c1ccccc1n2-c1nc(-c2n[nH]c(-n3c4ccccc4c(=O)c4cc(C)cc(C)c43)n2)n[nH]1,0.7102627967758843,0.4576271186440678,High Novelty
Pgp-Lead-90,Cc1cc(C)c2c(c1)c(=O)c1ccccc1n2-c1csc(-c2nc(-n3c4ccccc4c(=O)c4cc(C)cc(C)c43)cs2)n1,0.710042451663761,0.4406779661016949,High Novelty
Pgp-Lead-91,Cc1cc(C)c2c(c1)c(=O)c1ccccc1n2Cn1c2ccccc2c(=O)c2cc(C)cc(C)c21,0.7078005600160697,0.6521739130434783,High Novelty
Pgp-Lead-92,CC(=O)N1CCC(O)(n2c3ccccc3c(=O)c3cc(C)cc(C)c32)CC1,0.7072184678035753,0.4603174603174603,High Novelty
Pgp-Lead-93,Cc1cccc(-c2coc3cc(O)c4c(=O)c(C5(c6cccc(C)c6)N=N5)coc4c3c2=O)c1,0.7062939928467,0.75,Analogue/Derivative
Pgp-Lead-94,Cc1cccc(-c2coc3c(c(O)cc4occ(C5(c6cccc(C)c6)N=N5)c(=O)c43)c2=O)c1,0.7062939928467,0.75,Analogue/Derivative
Pgp-Lead-95,Cc1cc(C)c2c(c1)c(=O)c1ccccc1n2-c1ccc([C@H]2CCCCO2)c(O)c1,0.7055771197725367,0.44285714285714284,High Novelty
Pgp-Lead-96,Cc1cc(C)c2c(c1)c(=O)c1ccccc1n2-c1ccc([C@@H]2CCCCO2)c(O)c1,0.7055771197725367,0.44285714285714284,High Novelty
Pgp-Lead-97,Cc1cc(C)c2c(c1)c(=O)c1ccccc1n2[C@@H]1C=C[C@H](n2c3ccccc3c(=O)c3cc(C)cc(C)c32)C1,0.7050073678739244,0.4909090909090909,High Novelty
Pgp-Lead-98,O=c1c(-c2cccs2)coc2c1c(O)cc1occ(-c3coc4cc(O)c5c(=O)c(-c6cccs6)coc5c4c3=O)c(=O)c12,0.7049538520799952,0.5714285714285714,High Novelty
Pgp-Lead-99,O=c1c(-c2coc3c(c(O)cc4occ(-c5cccs5)c(=O)c43)c2=O)coc2c1c(O)cc1occ(-c3cccs3)c(=O)c12,0.7049538520799952,0.5714285714285714,High Novelty
Pgp-Lead-100,O=c1c(-c2cccs2)coc2c1c(O)cc1occ(-c3cccs3)c(=O)c12,0.7049538520799952,0.5714285714285714,High Novelty
Pgp-Lead-101,O=c1c(-c2coc3cc(O)c4c(=O)c(-c5cccs5)coc4c3c2=O)coc2c1c(O)cc1occ(-c3cccs3)c(=O)c12,0.7049538520799952,0.5714285714285714,High Novelty
Pgp-Lead-102,O=c1c(SSc2ccc3ccccc3c2)coc2c1c(O)cc1occ(-c3ccc4ccccc4c3)c(=O)c12,0.7042696892706296,0.5344827586206896,High Novelty
Pgp-Lead-103,O=c1c(-c2ccc3ccccc3c2)coc2c1c(O)cc1occ(SSc3ccc4ccccc4c3)c(=O)c12,0.7042696892706296,0.5344827586206896,High Novelty
Pgp-Lead-104,Cc1cc(C)c2c(c1)c(=O)c1ccccc1n2-c1cc(C)nc2nc(-c3nc4nc(C)cc(-n5c6ccccc6c(=O)c6cc(C)cc(C)c65)n4n3)nn12,0.7040925785982368,0.43548387096774194,High Novelty
Pgp-Lead-105,Cc1cc(C)c(-c2coc3c(c(O)cc4occ(-c5coc6cc(O)c7c(=O)c(-c8cc(C)c(C)cc8C)coc7c6c5=O)c(=O)c43)c2=O)cc1C,0.7038447123881854,0.6444444444444445,High Novelty
Pgp-Lead-106,Cc1cc(C)c(-c2coc3c(c(O)cc4occ(-c5coc6c(c(O)cc7occ(-c8cc(C)c(C)cc8C)c(=O)c76)c5=O)c(=O)c43)c2=O)cc1C,0.7038447123881854,0.6444444444444445,High Novelty
Pgp-Lead-107,Cc1cc(C)c(-c2coc3c(c(O)cc4occ(-c5cc(C)c(C)cc5C)c(=O)c43)c2=O)cc1C,0.7038447123881854,0.6444444444444445,High Novelty
Pgp-Lead-108,Cc1cc(C)c(-c2coc3cc(O)c4c(=O)c(-c5coc6c(c(O)cc7occ(-c8cc(C)c(C)cc8C)c(=O)c76)c5=O)coc4c3c2=O)cc1C,0.7038447123881854,0.6444444444444445,High Novelty
Pgp-Lead-109,Cc1cccc(Sc2coc3cc(O)c4c(=O)c(-c5cccc(C)c5)coc4c3c2=O)c1,0.7034871567231993,0.78,Analogue/Derivative
Pgp-Lead-110,Cc1cccc(Sc2coc3c(c(O)cc4occ(-c5cccc(C)c5)c(=O)c43)c2=O)c1,0.7034871567231993,0.78,Analogue/Derivative
Pgp-Lead-111,Cc1cc(C)c2c(c1)c(=O)c1ccccc1n2-c1ccc(F)c(-c2cc(-n3c4ccccc4c(=O)c4cc(C)cc(C)c43)ccc2F)c1,0.703399878500192,0.4482758620689655,High Novelty
Pgp-Lead-112,Cc1cc(C)c2c(c1)c(=O)c1ccccc1n2-c1cncc(Br)c1,0.7028501083502965,0.43333333333333335,High Novelty
Pgp-Lead-113,Cc1cc(C)c2c(c1)c(=O)c1ccccc1n2-c1nc(C)nc2c1CCC2,0.7017216262487463,0.4444444444444444,High Novelty
Pgp-Lead-114,Cc1cc(C)c2c(c1)c(=O)c1ccccc1n2-c1ccccc1-n1c2ccccc2c(=O)c2cc(C)cc(C)c21,0.7016491087871759,0.5306122448979592,High Novelty
Pgp-Lead-115,Cc1cc(C)c2c(c1)c(=O)c1ccccc1n2-c1cnc2ccccc2c1,0.7015271704274527,0.4262295081967213,High Novelty
Pgp-Lead-116,O=c1c(-c2coc3cc(O)c4c(=O)c(-c5ccc6ncsc6c5)coc4c3c2=O)coc2c1c(O)cc1occ(-c3ccc4ncsc4c3)c(=O)c12,0.7014295908447028,0.5740740740740741,High Novelty
Pgp-Lead-117,O=c1c(-c2coc3c(c(O)cc4occ(-c5ccc6ncsc6c5)c(=O)c43)c2=O)coc2c1c(O)cc1occ(-c3ccc4ncsc4c3)c(=O)c12,0.7014295908447028,0.5740740740740741,High Novelty
Pgp-Lead-118,O=c1c(-c2ccc3ncsc3c2)coc2c1c(O)cc1occ(-c3coc4cc(O)c5c(=O)c(-c6ccc7ncsc7c6)coc5c4c3=O)c(=O)c12,0.7014295908447028,0.5740740740740741,High Novelty
Pgp-Lead-119,Cc1cc(C)c2c(c1)c(=O)c1ccccc1n2-c1ccc(-c2ccc(-n3c4ccccc4c(=O)c4cc(C)cc(C)c43)cc2)cc1,0.6991061841747328,0.49056603773584906,High Novelty
Pgp-Lead-120,Cc1cc(C)c2c(c1)c(=O)c1ccccc1n2-c1ccccc1-c1ccccc1-n1c2ccccc2c(=O)c2cc(C)cc(C)c21,0.6987679251247343,0.5,High Novelty
Pgp-Lead-121,Cc1cc(C)c2c(c1)c(=O)c1ccccc1n2-c1nc(-c2csc(-n3c4ccccc4c(=O)c4cc(C)cc(C)c43)n2)cs1,0.6987155580511687,0.4406779661016949,High Novelty
Pgp-Lead-122,Cc1cc(C)c2c(c1)c(=O)c1ccccc1n2-c1cccc(-n2c3ccccc3c(=O)c3cc(C)cc(C)c32)c1,0.6981516624435458,0.5,High Novelty
Pgp-Lead-123,CC1(C)CC[C@]2(O[C@@H]3CCCCO3)CC[C@]3(C)C(=CC[C@@H]4[C@@]5(C)Cc6nccnc6[C@@](C)(CO)[C@@H]5CC[C@]43C)[C@@H]2C1,0.6979183986241304,0.5909090909090909,High Novelty
Pgp-Lead-124,CC1(C)CC[C@]2(O[C@H]3CCCCO3)CC[C@]3(C)C(=CC[C@@H]4[C@@]5(C)Cc6nccnc6[C@@](C)(CO)[C@@H]5CC[C@]43C)[C@@H]2C1,0.6979183986241304,0.5909090909090909,High Novelty
Pgp-Lead-125,Cc1cc(C)c2c(c1)c(=O)c1ccccc1n2-c1ccc(F)c(-n2c3ccccc3c(=O)c3cc(C)cc(C)c32)c1,0.6978222002428643,0.4482758620689655,High Novelty
Pgp-Lead-126,Cc1cc(C)c2c(c1)c(=O)c1ccccc1n2-c1ccc(-n2c3ccccc3c(=O)c3cc(C)cc(C)c32)cc1,0.6977496385253585,0.52,High Novelty
Pgp-Lead-127,Cc1cc(C)c2c(c1)c(=O)c1ccccc1n2-c1ccc2ccccc2n1,0.6973400843538184,0.46551724137931033,High Novelty
Pgp-Lead-128,Cc1cc(C)c2c(c1)c(=O)c1ccccc1n2C1(c2ccc(F)cc2)N=N1,0.6969151238746367,0.4262295081967213,High Novelty
Pgp-Lead-129,CC(=O)c1coc2cc(O)c3c(=O)c(-c4coc5c(c(O)cc6occ(C(C)=O)c(=O)c65)c4=O)coc3c2c1=O,0.6965522343161341,0.5957446808510638,High Novelty
Pgp-Lead-130,CC(=O)c1coc2c(c(O)cc3occ(-c4coc5cc(O)c6c(=O)c(C(C)=O)coc6c5c4=O)c(=O)c32)c1=O,0.6965522343161341,0.5957446808510638,High Novelty
Pgp-Lead-131,CC(=O)c1coc2c(c(O)cc3occ(-c4coc5c(c(O)cc6occ(C(C)=O)c(=O)c65)c4=O)c(=O)c32)c1=O,0.6965522343161341,0.5957446808510638,High Novelty
Pgp-Lead-132,Cc1cc(C)c2c(c1)c(=O)c1ccccc1n2-c1ccc(Cl)cc1Cl,0.6959136522141658,0.45614035087719296,High Novelty
Pgp-Lead-133,Cc1cc(C)c2c(c1)c(=O)c1ccccc1n2-c1csc(-n2c3ccccc3c(=O)c3cc(C)cc(C)c32)n1,0.6957321615563188,0.43333333333333335,High Novelty
Pgp-Lead-134,O=c1c(-c2ccc3ncsc3c2)coc2c1c(O)cc1occ(-c3ccc4ncsc4c3)c(=O)c12,0.6932465644106038,0.5636363636363636,High Novelty
Pgp-Lead-135,Cc1cc(C)c2c(c1)c(=O)c1ccccc1n2-c1cccc2oc(-c3cc(=O)c4c(-n5c6ccccc6c(=O)c6cc(C)cc(C)c65)cccc4o3)cc(=O)c12,0.6932390061842781,0.421875,High Novelty
Pgp-Lead-136,Cc1cc(C)c2c(c1)c(=O)c1ccccc1n2-c1ccc(-c2ccc([C@H]3CCCCO3)c(O)c2)cc1O,0.6919986301787648,0.4246575342465753,High Novelty
Pgp-Lead-137,Cc1cc(C)c2c(c1)c(=O)c1ccccc1n2-c1ccc(-c2ccc([C@@H]3CCCCO3)c(O)c2)cc1O,0.6919986301787648,0.4246575342465753,High Novelty
Pgp-Lead-138,O=c1c(-c2ccc3ccccc3c2)coc2c1c(O)cc1occ(Sc3ccc4ccccc4c3)c(=O)c12,0.6919355073972518,0.543859649122807,High Novelty
Pgp-Lead-139,O=c1c(Sc2ccc3ccccc3c2)coc2c1c(O)cc1occ(-c3ccc4ccccc4c3)c(=O)c12,0.6919355073972518,0.543859649122807,High Novelty
Pgp-Lead-140,O=c1c(SSc2ccccc2)coc2c1c(O)cc1occ(-c3ccccc3)c(=O)c12,0.689501620995085,0.5849056603773585,High Novelty
Pgp-Lead-141,O=c1c(-c2ccccc2)coc2c1c(O)cc1occ(SSc3ccccc3)c(=O)c12,0.689501620995085,0.5849056603773585,High Novelty
Pgp-Lead-142,Cc1cc(C)c2c(c1)c(=O)c1ccccc1n2-c1cc(-c2ccc(F)c(-n3c4ccccc4c(=O)c4cc(C)cc(C)c43)c2)ccc1F,0.6882517000505153,0.45614035087719296,High Novelty
Pgp-Lead-143,CCC(=O)c1coc2c(c(O)cc3occ(-c4coc5cc(O)c6c(=O)c(C(=O)CC)coc6c5c4=O)c(=O)c32)c1=O,0.688010596083175,0.56,High Novelty
Pgp-Lead-144,CCC(=O)c1coc2cc(O)c3c(=O)c(-c4coc5c(c(O)cc6occ(C(=O)CC)c(=O)c65)c4=O)coc3c2c1=O,0.688010596083175,0.56,High Novelty
Pgp-Lead-145,CCC(=O)c1coc2c(c(O)cc3occ(-c4coc5c(c(O)cc6occ(C(=O)CC)c(=O)c65)c4=O)c(=O)c32)c1=O,0.688010596083175,0.56,High Novelty
Pgp-Lead-146,COc1coc2c(c(O)cc3occ(-c4coc5cc(O)c6c(=O)c(OC)coc6c5c4=O)c(=O)c32)c1=O,0.6875254773996231,0.7111111111111111,Analogue/Derivative
Pgp-Lead-147,COc1coc2cc(O)c3c(=O)c(-c4coc5c(c(O)cc6occ(OC)c(=O)c65)c4=O)coc3c2c1=O,0.6875254773996231,0.7111111111111111,Analogue/Derivative
Pgp-Lead-148,COc1coc2c(c(O)cc3occ(-c4coc5c(c(O)cc6occ(OC)c(=O)c65)c4=O)c(=O)c32)c1=O,0.6875254773996231,0.7111111111111111,Analogue/Derivative
Pgp-Lead-149,Cc1ccccc1-c1coc2cc(O)c3c(=O)c(-c4coc5c(c(O)cc6occ(-c7ccccc7C)c(=O)c65)c4=O)coc3c2c1=O,0.6873813042206658,0.6666666666666666,High Novelty
Pgp-Lead-150,Cc1ccccc1-c1coc2c(c(O)cc3occ(-c4ccccc4C)c(=O)c32)c1=O,0.6873813042206658,0.6666666666666666,High Novelty
Pgp-Lead-151,Cc1ccccc1-c1coc2c(c(O)cc3occ(-c4coc5cc(O)c6c(=O)c(-c7ccccc7C)coc6c5c4=O)c(=O)c32)c1=O,0.6873813042206658,0.6666666666666666,High Novelty
Pgp-Lead-152,Cc1ccccc1-c1coc2c(c(O)cc3occ(-c4coc5c(c(O)cc6occ(-c7ccccc7C)c(=O)c65)c4=O)c(=O)c32)c1=O,0.6873813042206658,0.6666666666666666,High Novelty
Pgp-Lead-153,O=c1c(-c2cnc3ccccc3c2)coc2c1c(O)cc1occ(-c3coc4cc(O)c5c(=O)c(-c6cnc7ccccc7c6)coc5c4c3=O)c(=O)c12,0.6867567720192136,0.5660377358490566,High Novelty
Pgp-Lead-154,O=c1c(-c2coc3c(c(O)cc4occ(-c5cnc6ccccc6c5)c(=O)c43)c2=O)coc2c1c(O)cc1occ(-c3cnc4ccccc4c3)c(=O)c12,0.6867567720192136,0.5660377358490566,High Novelty
Pgp-Lead-155,O=c1c(-c2coc3cc(O)c4c(=O)c(-c5cnc6ccccc6c5)coc4c3c2=O)coc2c1c(O)cc1occ(-c3cnc4ccccc4c3)c(=O)c12,0.6867567720192136,0.5660377358490566,High Novelty
Pgp-Lead-156,O=c1c(-c2cnc3ccccc3c2)coc2c1c(O)cc1occ(-c3cnc4ccccc4c3)c(=O)c12,0.6867567720192136,0.5660377358490566,High Novelty
Pgp-Lead-157,Cc1cc(C)c2c(c1)c(=O)c1ccccc1n2-c1cccc(-c2cccc(-n3c4ccccc4c(=O)c4cc(C)cc(C)c43)c2)c1,0.6865859696489092,0.4727272727272727,High Novelty
Pgp-Lead-158,Cc1cc(C)c2c(c1)c(=O)c1ccccc1n2-c1n[nH]c(-n2c3ccccc3c(=O)c3cc(C)cc(C)c32)n1,0.6865639208802097,0.45,High Novelty
Pgp-Lead-159,O=c1c(Sc2ccc(Cl)cc2)coc2c1c(O)cc1occ(-c3ccc(Cl)cc3)c(=O)c12,0.686130948576932,0.5740740740740741,High Novelty
Pgp-Lead-160,O=c1c(-c2ccc(Cl)cc2)coc2c1c(O)cc1occ(Sc3ccc(Cl)cc3)c(=O)c12,0.686130948576932,0.5740740740740741,High Novelty
Pgp-Lead-161,O=c1c(-c2ccc(Cl)cc2)coc2c1c(O)cc1occ(SSc3ccc(Cl)cc3)c(=O)c12,0.6859766687561804,0.5636363636363636,High Novelty
Pgp-Lead-162,O=c1c(SSc2ccc(Cl)cc2)coc2c1c(O)cc1occ(-c3ccc(Cl)cc3)c(=O)c12,0.6859766687561804,0.5636363636363636,High Novelty
Pgp-Lead-163,Cc1cc(C)c2c(c1)c(=O)c1ccccc1n2-c1ccc(-c2ccc(-n3c4ccccc4c(=O)c4cc(C)cc(C)c43)cc2O)c(O)c1,0.6846365366486894,0.46551724137931033,High Novelty
Pgp-Lead-164,CC1(C)CC[C@]2(c3ccccc3)CC[C@]3(C)C(=CC[C@@H]4[C@@]5(C)Cc6nccnc6[C@@](C)(CO)[C@@H]5CC[C@]43C)[C@@H]2C1,0.6814587344282658,0.7051282051282052,Analogue/Derivative
Pgp-Lead-165,O=c1c(-c2ccncc2)coc2c1c(O)cc1occ(-c3coc4cc(O)c5c(=O)c(-c6ccncc6)coc5c4c3=O)c(=O)c12,0.6810550903940729,0.6521739130434783,High Novelty
Pgp-Lead-166,O=c1c(-c2coc3c(c(O)cc4occ(-c5ccncc5)c(=O)c43)c2=O)coc2c1c(O)cc1occ(-c3ccncc3)c(=O)c12,0.6810550903940729,0.6521739130434783,High Novelty
Pgp-Lead-167,O=c1c(-c2coc3cc(O)c4c(=O)c(-c5ccncc5)coc4c3c2=O)coc2c1c(O)cc1occ(-c3ccncc3)c(=O)c12,0.6810550903940729,0.6521739130434783,High Novelty
Pgp-Lead-168,CCCCC1OC(=O)c2cc(-c3coc4c(c(O)cc5occ(-c6ccc7c(c6)C(=O)OC7CCCC)c(=O)c54)c3=O)ccc21,0.6809475368810258,0.5689655172413793,High Novelty
Pgp-Lead-169,O=c1c(-c2ccc(F)cc2)coc2c1c(O)cc1occ(SSc3ccc(F)cc3)c(=O)c12,0.6806691445693682,0.5636363636363636,High Novelty
Pgp-Lead-170,O=c1c(SSc2ccc(F)cc2)coc2c1c(O)cc1occ(-c3ccc(F)cc3)c(=O)c12,0.6806691445693682,0.5636363636363636,High Novelty
Pgp-Lead-171,CC1(C)CC[C@]2(C3(c4ccccc4)N=N3)CC[C@]3(C)C(=CC[C@@H]4[C@@]5(C)Cc6nccnc6[C@@](C)(CO)[C@@H]5CC[C@]43C)[C@@H]2C1,0.6805068722234722,0.6707317073170732,High Novelty
Pgp-Lead-172,CC1(C)CC[C@]2(c3cccnc3)CC[C@]3(C)C(=CC[C@@H]4[C@@]5(C)Cc6nccnc6[C@@](C)(CO)[C@@H]5CC[C@]43C)[C@@H]2C1,0.6804003462161726,0.6309523809523809,High Novelty
Pgp-Lead-173,O=c1c(-c2ccncc2)coc2c1c(O)cc1occ(-c3ccncc3)c(=O)c12,0.6773974213492303,0.6666666666666666,High Novelty
Pgp-Lead-174,O=c1c(-c2coc3c(c(O)cc4occ(-c5ccc6ccccc6c5)c(=O)c43)c2=O)coc2c1c(O)cc1occ(-c3ccc4ccccc4c3)c(=O)c12,0.6769928678088906,0.6595744680851063,High Novelty
Pgp-Lead-175,O=c1c(-c2coc3cc(O)c4c(=O)c(-c5ccc6ccccc6c5)coc4c3c2=O)coc2c1c(O)cc1occ(-c3ccc4ccccc4c3)c(=O)c12,0.6769928678088906,0.6595744680851063,High Novelty
Pgp-Lead-176,O=c1c(-c2ccc3ccccc3c2)coc2c1c(O)cc1occ(-c3ccc4ccccc4c3)c(=O)c12,0.6769928678088906,0.6595744680851063,High Novelty
Pgp-Lead-177,O=c1c(-c2ccc3ccccc3c2)coc2c1c(O)cc1occ(-c3coc4cc(O)c5c(=O)c(-c6ccc7ccccc7c6)coc5c4c3=O)c(=O)c12,0.6769928678088906,0.6595744680851063,High Novelty
Pgp-Lead-178,Cc1cccc([C@]23CCC(C)(C)C[C@H]2C2=CC[C@@H]4[C@@]5(C)Cc6nccnc6[C@@](C)(CO)[C@@H]5CC[C@@]4(C)[C@]2(C)CC3)c1,0.6769622249046285,0.6309523809523809,High Novelty
Pgp-Lead-179,O=c1cc(-c2coc3c(c(O)cc4occ(-c5cc(=O)c6ccccc6o5)c(=O)c43)c2=O)oc2ccccc12,0.6764105563660309,0.5283018867924528,High Novelty
Pgp-Lead-180,O=c1cc(-c2coc3cc(O)c4c(=O)c(-c5coc6c(c(O)cc7occ(-c8cc(=O)c9ccccc9o8)c(=O)c76)c5=O)coc4c3c2=O)oc2ccccc12,0.6764105563660309,0.5283018867924528,High Novelty
Pgp-Lead-181,O=c1cc(-c2coc3c(c(O)cc4occ(-c5coc6cc(O)c7c(=O)c(-c8cc(=O)c9ccccc9o8)coc7c6c5=O)c(=O)c43)c2=O)oc2ccccc12,0.6764105563660309,0.5283018867924528,High Novelty
Pgp-Lead-182,O=c1cc(-c2coc3c(c(O)cc4occ(-c5coc6c(c(O)cc7occ(-c8cc(=O)c9ccccc9o8)c(=O)c76)c5=O)c(=O)c43)c2=O)oc2ccccc12,0.6764105563660309,0.5283018867924528,High Novelty
Pgp-Lead-183,CN(C)c1coc2cc(O)c3c(=O)c(-c4coc5c(c(O)cc6occ(N(C)C)c(=O)c65)c4=O)coc3c2c1=O,0.676399389403934,0.5957446808510638,High Novelty
Pgp-Lead-184,CN(C)c1coc2c(c(O)cc3occ(-c4coc5c(c(O)cc6occ(N(C)C)c(=O)c65)c4=O)c(=O)c32)c1=O,0.676399389403934,0.5957446808510638,High Novelty
Pgp-Lead-185,CN(C)c1coc2c(c(O)cc3occ(-c4coc5cc(O)c6c(=O)c(N(C)C)coc6c5c4=O)c(=O)c32)c1=O,0.676399389403934,0.5957446808510638,High Novelty
Pgp-Lead-186,O=c1c(Sc2ccc(F)cc2)coc2c1c(O)cc1occ(-c3ccc(F)cc3)c(=O)c12,0.6735582106516144,0.5740740740740741,High Novelty
Pgp-Lead-187,O=c1c(-c2ccc(F)cc2)coc2c1c(O)cc1occ(Sc3ccc(F)cc3)c(=O)c12,0.6735582106516144,0.5740740740740741,High Novelty
Pgp-Lead-188,Cc1cccc(-c2coc3cc(O)c4c(=O)c(-c5coc6c(c(O)cc7occ(-c8cccc(C)c8)c(=O)c76)c5=O)coc4c3c2=O)c1,0.6732069660559172,1.0,Analogue/Derivative
Pgp-Lead-189,Cc1cccc(-c2coc3c(c(O)cc4occ(-c5coc6c(c(O)cc7occ(-c8cccc(C)c8)c(=O)c76)c5=O)c(=O)c43)c2=O)c1,0.6732069660559172,1.0,Analogue/Derivative
Pgp-Lead-190,Cc1cccc(-c2coc3c(c(O)cc4occ(-c5cccc(C)c5)c(=O)c43)c2=O)c1,0.6732069660559172,1.0,Analogue/Derivative
Pgp-Lead-191,Cc1cccc(-c2coc3c(c(O)cc4occ(-c5coc6cc(O)c7c(=O)c(-c8cccc(C)c8)coc7c6c5=O)c(=O)c43)c2=O)c1,0.6732069660559172,1.0,Analogue/Derivative
Pgp-Lead-192,Cc1cc(C)c2c(c1)c(=O)c1ccccc1n2-c1ccc(-n2c3ccccc3c(=O)c3cc(C)cc(C)c32)c(O)c1,0.6725168219139677,0.4576271186440678,High Novelty
Pgp-Lead-193,Cc1cc(C)c2c(c1)c(=O)c1ccccc1n2-c1n[nH]c(-c2nc(-n3c4ccccc4c(=O)c4cc(C)cc(C)c43)n[nH]2)n1,0.6719145303218498,0.4576271186440678,High Novelty
Pgp-Lead-194,CC1(C)CC[C@]2(C(=O)CC[C@H]3CCCCO3)CC[C@]3(C)C(=CC[C@@H]4[C@@]5(C)Cc6nccnc6[C@@](C)(CO)[C@@H]5CC[C@]43C)[C@@H]2C1,0.6717919914064125,0.6363636363636364,High Novelty
Pgp-Lead-195,CC1(C)CC[C@]2(C(=O)CC[C@@H]3CCCCO3)CC[C@]3(C)C(=CC[C@@H]4[C@@]5(C)Cc6nccnc6[C@@](C)(CO)[C@@H]5CC[C@]43C)[C@@H]2C1,0.6717919914064125,0.6363636363636364,High Novelty
Pgp-Lead-196,O=c1c(-c2cncc(Br)c2)coc2c1c(O)cc1occ(-c3cncc(Br)c3)c(=O)c12,0.6709465149669014,0.56,High Novelty
Pgp-Lead-197,Cc1c(C)c2ccc(-c3coc4c(c(O)cc5occ(-c6ccc7c(C)c(C)c(=O)oc7c6)c(=O)c54)c3=O)cc2oc1=O,0.6700984916264798,0.6274509803921569,High Novelty
Pgp-Lead-198,O=c1c(-c2c3ccccc3cc3ccccc23)coc2c1c(O)cc1occ(-c3c4ccccc4cc4ccccc34)c(=O)c12,0.6673195874785712,0.56,High Novelty
Pgp-Lead-199,CC(C)(O)c1coc2c(c(O)cc3occ(-c4coc5c(c(O)cc6occ(C(C)(C)O)c(=O)c65)c4=O)c(=O)c32)c1=O,0.666380919558121,0.5833333333333334,High Novelty
Pgp-Lead-200,CC(C)(O)c1coc2c(c(O)cc3occ(-c4coc5cc(O)c6c(=O)c(C(C)(C)O)coc6c5c4=O)c(=O)c32)c1=O,0.666380919558121,0.5833333333333334,High Novelty
Pgp-Lead-201,CC(C)(O)c1coc2cc(O)c3c(=O)c(-c4coc5c(c(O)cc6occ(C(C)(C)O)c(=O)c65)c4=O)coc3c2c1=O,0.666380919558121,0.5833333333333334,High Novelty
Pgp-Lead-202,O=c1c(-c2coc3cc(O)c4c(=O)c(-c5coc6c(c(O)cc7occ(-c8coc9ccccc9c8=O)c(=O)c76)c5=O)coc4c3c2=O)coc2ccccc12,0.6649225655145854,0.6086956521739131,High Novelty
Pgp-Lead-203,O=c1c(-c2coc3c(c(O)cc4occ(-c5coc6ccccc6c5=O)c(=O)c43)c2=O)coc2ccccc12,0.6649225655145854,0.6086956521739131,High Novelty
Pgp-Lead-204,O=c1c(-c2coc3c(c(O)cc4occ(-c5coc6cc(O)c7c(=O)c(-c8coc9ccccc9c8=O)coc7c6c5=O)c(=O)c43)c2=O)coc2ccccc12,0.6649225655145854,0.6086956521739131,High Novelty
Pgp-Lead-205,O=c1c(-c2coc3c(c(O)cc4occ(-c5coc6c(c(O)cc7occ(-c8coc9ccccc9c8=O)c(=O)c76)c5=O)c(=O)c43)c2=O)coc2ccccc12,0.6649225655145854,0.6086956521739131,High Novelty
Pgp-Lead-206,O=c1c(-c2cccnc2)coc2c1c(O)cc1occ(-c3cccnc3)c(=O)c12,0.6611100731558064,0.6595744680851063,High Novelty
Pgp-Lead-207,O=c1c(-c2cccnc2)coc2c1c(O)cc1occ(-c3coc4cc(O)c5c(=O)c(-c6cccnc6)coc5c4c3=O)c(=O)c12,0.6611100731558064,0.6595744680851063,High Novelty
Pgp-Lead-208,O=c1c(-c2coc3c(c(O)cc4occ(-c5cccnc5)c(=O)c43)c2=O)coc2c1c(O)cc1occ(-c3cccnc3)c(=O)c12,0.6611100731558064,0.6595744680851063,High Novelty
Pgp-Lead-209,O=c1c(-c2coc3cc(O)c4c(=O)c(-c5cccnc5)coc4c3c2=O)coc2c1c(O)cc1occ(-c3cccnc3)c(=O)c12,0.6611100731558064,0.6595744680851063,High Novelty
Pgp-Lead-210,O=c1c(-c2coc3cc(O)c4c(=O)c(-c5ccc(Cl)cc5)coc4c3c2=O)coc2c1c(O)cc1occ(-c3ccc(Cl)cc3)c(=O)c12,0.6597986111652347,0.6888888888888889,High Novelty
Pgp-Lead-211,O=c1c(-c2ccc(Cl)cc2)coc2c1c(O)cc1occ(-c3coc4cc(O)c5c(=O)c(-c6ccc(Cl)cc6)coc5c4c3=O)c(=O)c12,0.6597986111652347,0.6888888888888889,High Novelty
Pgp-Lead-212,O=c1c(-c2coc3c(c(O)cc4occ(-c5ccc(Cl)cc5)c(=O)c43)c2=O)coc2c1c(O)cc1occ(-c3ccc(Cl)cc3)c(=O)c12,0.6597986111652347,0.6888888888888889,High Novelty
Pgp-Lead-213,CC(C)Cc1coc2c(c(O)cc3occ(-c4coc5cc(O)c6c(=O)c(CC(C)C)coc6c5c4=O)c(=O)c32)c1=O,0.6559737546148348,0.56,High Novelty
Pgp-Lead-214,CC(C)Cc1coc2c(c(O)cc3occ(-c4coc5c(c(O)cc6occ(CC(C)C)c(=O)c65)c4=O)c(=O)c32)c1=O,0.6559737546148348,0.56,High Novelty
Pgp-Lead-215,CC(C)Cc1coc2cc(O)c3c(=O)c(-c4coc5c(c(O)cc6occ(CC(C)C)c(=O)c65)c4=O)coc3c2c1=O,0.6559737546148348,0.56,High Novelty
Pgp-Lead-216,O=c1c(-c2coc3cc(O)c4c(=O)c(-c5ccccc5)coc4c3c2=O)coc2c1c(O)cc1occ(-c3ccccc3)c(=O)c12,0.6552057885815897,0.7380952380952381,Analogue/Derivative
Pgp-Lead-217,O=c1c(-c2ccccc2)coc2c1c(O)cc1occ(-c3ccccc3)c(=O)c12,0.6552057885815897,0.7380952380952381,Analogue/Derivative
Pgp-Lead-218,O=c1c(-c2ccccc2)coc2c1c(O)cc1occ(-c3coc4cc(O)c5c(=O)c(-c6ccccc6)coc5c4c3=O)c(=O)c12,0.6552057885815897,0.7380952380952381,Analogue/Derivative
Pgp-Lead-219,O=c1c(-c2coc3c(c(O)cc4occ(-c5ccccc5)c(=O)c43)c2=O)coc2c1c(O)cc1occ(-c3ccccc3)c(=O)c12,0.6552057885815897,0.7380952380952381,Analogue/Derivative
Pgp-Lead-220,O=c1c(-c2cccc(F)c2)coc2c1c(O)cc1occ(-c3coc4cc(O)c5c(=O)c(-c6cccc(F)c6)coc5c4c3=O)c(=O)c12,0.653398170490429,0.7333333333333333,Analogue/Derivative
Pgp-Lead-221,O=c1c(-c2coc3c(c(O)cc4occ(-c5cccc(F)c5)c(=O)c43)c2=O)coc2c1c(O)cc1occ(-c3cccc(F)c3)c(=O)c12,0.653398170490429,0.7333333333333333,Analogue/Derivative
Pgp-Lead-222,O=c1c(-c2cccc(F)c2)coc2c1c(O)cc1occ(-c3cccc(F)c3)c(=O)c12,0.653398170490429,0.7333333333333333,Analogue/Derivative
Pgp-Lead-223,O=c1c(-c2coc3cc(O)c4c(=O)c(-c5cccc(F)c5)coc4c3c2=O)coc2c1c(O)cc1occ(-c3cccc(F)c3)c(=O)c12,0.653398170490429,0.7333333333333333,Analogue/Derivative
Pgp-Lead-224,O=c1c(-c2ccc(F)cc2)coc2c1c(O)cc1occ(-c3coc4cc(O)c5c(=O)c(-c6ccc(F)cc6)coc5c4c3=O)c(=O)c12,0.6532083068276444,0.6888888888888889,High Novelty
Pgp-Lead-225,O=c1c(-c2coc3c(c(O)cc4occ(-c5ccc(F)cc5)c(=O)c43)c2=O)coc2c1c(O)cc1occ(-c3ccc(F)cc3)c(=O)c12,0.6532083068276444,0.6888888888888889,High Novelty
Pgp-Lead-226,O=c1c(-c2coc3cc(O)c4c(=O)c(-c5ccc(F)cc5)coc4c3c2=O)coc2c1c(O)cc1occ(-c3ccc(F)cc3)c(=O)c12,0.6532083068276444,0.6888888888888889,High Novelty
Pgp-Lead-227,CC(C)c1coc2c(c(O)cc3occ(-c4coc5c(c(O)cc6occ(C(C)C)c(=O)c65)c4=O)c(=O)c32)c1=O,0.6528660942854745,0.5957446808510638,High Novelty
Pgp-Lead-228,CC(C)c1coc2c(c(O)cc3occ(-c4coc5cc(O)c6c(=O)c(C(C)C)coc6c5c4=O)c(=O)c32)c1=O,0.6528660942854745,0.5957446808510638,High Novelty
Pgp-Lead-229,CC(C)c1coc2cc(O)c3c(=O)c(-c4coc5c(c(O)cc6occ(C(C)C)c(=O)c65)c4=O)coc3c2c1=O,0.6528660942854745,0.5957446808510638,High Novelty
Pgp-Lead-230,CCc1coc2cc(O)c3c(=O)c(-c4coc5c(c(O)cc6occ(CC)c(=O)c65)c4=O)coc3c2c1=O,0.6509124341566408,0.6086956521739131,High Novelty
Pgp-Lead-231,CCc1coc2c(c(O)cc3occ(-c4coc5c(c(O)cc6occ(CC)c(=O)c65)c4=O)c(=O)c32)c1=O,0.6509124341566408,0.6086956521739131,High Novelty
Pgp-Lead-232,CCc1coc2c(c(O)cc3occ(-c4coc5cc(O)c6c(=O)c(CC)coc6c5c4=O)c(=O)c32)c1=O,0.6509124341566408,0.6086956521739131,High Novelty
Pgp-Lead-233,Cc1cc(C)c2c(c1)c(=O)c1ccccc1n2-c1ccc(-c2ccc(-n3c4ccccc4c(=O)c4cc(C)cc(C)c43)c(O)c2)cc1O,0.6507450510623785,0.46551724137931033,High Novelty
Pgp-Lead-234,O=c1c(-c2ccc(Cl)cc2)coc2c1c(O)cc1occ(-c3ccc(Cl)cc3)c(=O)c12,0.6502405395021689,0.7045454545454546,Analogue/Derivative
Pgp-Lead-235,CC1(C)CC[C@]2(c3ccncc3)CC[C@]3(C)C(=CC[C@@H]4[C@@]5(C)Cc6nccnc6[C@@](C)(CO)[C@@H]5CC[C@]43C)[C@@H]2C1,0.6495140690008805,0.6419753086419753,High Novelty
Pgp-Lead-236,O=c1c(-c2ccccc2Cl)coc2c1c(O)cc1occ(-c3coc4cc(O)c5c(=O)c(-c6ccccc6Cl)coc5c4c3=O)c(=O)c12,0.6472156301400882,0.5957446808510638,High Novelty
Pgp-Lead-237,O=c1c(-c2coc3c(c(O)cc4occ(-c5ccccc5Cl)c(=O)c43)c2=O)coc2c1c(O)cc1occ(-c3ccccc3Cl)c(=O)c12,0.6472156301400882,0.5957446808510638,High Novelty
Pgp-Lead-238,O=c1c(-c2coc3cc(O)c4c(=O)c(-c5ccccc5Cl)coc4c3c2=O)coc2c1c(O)cc1occ(-c3ccccc3Cl)c(=O)c12,0.6472156301400882,0.5957446808510638,High Novelty
Pgp-Lead-239,O=c1c(-c2ccccc2Cl)coc2c1c(O)cc1occ(-c3ccccc3Cl)c(=O)c12,0.6472156301400882,0.5957446808510638,High Novelty
Pgp-Lead-240,CCCCCC(=O)N(C)[C@]12CCC(C)(C)C[C@H]1C1=CC[C@@H]3[C@@]4(C)Cc5nccnc5[C@@](C)(CO)[C@@H]4CC[C@@]3(C)[C@]1(C)CC2,0.6460521909716623,0.6436781609195402,High Novelty
Pgp-Lead-241,O=c1c(-c2ccc(F)cc2)coc2c1c(O)cc1occ(-c3ccc(F)cc3)c(=O)c12,0.6451268517335089,0.7045454545454546,Analogue/Derivative
Pgp-Lead-242,CC1(C)CC[C@]2(C(=O)[C@@H]3CCCCO3)CC[C@]3(C)C(=CC[C@@H]4[C@@]5(C)Cc6nccnc6[C@@](C)(CO)[C@@H]5CC[C@]43C)[C@@H]2C1,0.6425320657560808,0.6588235294117647,High Novelty
Pgp-Lead-243,CC1(C)CC[C@]2(C(=O)[C@H]3CCCCO3)CC[C@]3(C)C(=CC[C@@H]4[C@@]5(C)Cc6nccnc6[C@@](C)(CO)[C@@H]5CC[C@]43C)[C@@H]2C1,0.6425320657560808,0.6588235294117647,High Novelty
Pgp-Lead-244,CN(c1nc(N)nc2[nH]c3ccccc3c12)c1nc(N)nc2[nH]c3ccccc3c12,0.6400275910651159,0.7272727272727273,Analogue/Derivative
Pgp-Lead-245,CC1(C)CC[C@]2(Sc3cccs3)CC[C@]3(C)C(=CC[C@@H]4[C@@]5(C)Cc6nccnc6[C@@](C)(CO)[C@@H]5CC[C@]43C)[C@@H]2C1,0.6396766817704598,0.6470588235294118,High Novelty
Pgp-Lead-246,CN(C(=O)C1c2ccccc2-c2ccccc21)[C@]12CCC(C)(C)C[C@H]1C1=CC[C@@H]3[C@@]4(C)Cc5nccnc5[C@@](C)(CO)[C@@H]4CC[C@@]3(C)[C@]1(C)CC2,0.6366760899808228,0.6363636363636364,High Novelty
Pgp-Lead-247,CC1(C)CC[C@]2(c3ccc4ccccc4c3)CC[C@]3(C)C(=CC[C@@H]4[C@@]5(C)Cc6nccnc6[C@@](C)(CO)[C@@H]5CC[C@]43C)[C@@H]2C1,0.6321532034096634,0.6428571428571429,High Novelty
Pgp-Lead-248,CC1(C)CC[C@]2(OC(=O)C3c4ccccc4-c4ccccc43)CC[C@]3(C)C(=CC[C@@H]4[C@@]5(C)Cc6nccnc6[C@@](C)(CO)[C@@H]5CC[C@]43C)[C@@H]2C1,0.631700733760824,0.6551724137931034,High Novelty
Pgp-Lead-249,CC1(C)CC[C@]2(NC(=O)C3c4ccccc4-c4ccccc43)CC[C@]3(C)C(=CC[C@@H]4[C@@]5(C)Cc6nccnc6[C@@](C)(CO)[C@@H]5CC[C@]43C)[C@@H]2C1,0.6315307407285358,0.6363636363636364,High Novelty
Pgp-Lead-250,O=c1c(-c2ccc(Cl)cc2Cl)coc2c1c(O)cc1occ(-c3coc4cc(O)c5c(=O)c(-c6ccc(Cl)cc6Cl)coc5c4c3=O)c(=O)c12,0.62932542304615,0.5714285714285714,High Novelty
Pgp-Lead-251,O=c1c(-c2coc3c(c(O)cc4occ(-c5ccc(Cl)cc5Cl)c(=O)c43)c2=O)coc2c1c(O)cc1occ(-c3ccc(Cl)cc3Cl)c(=O)c12,0.62932542304615,0.5714285714285714,High Novelty
Pgp-Lead-252,O=c1c(-c2coc3cc(O)c4c(=O)c(-c5ccc(Cl)cc5Cl)coc4c3c2=O)coc2c1c(O)cc1occ(-c3ccc(Cl)cc3Cl)c(=O)c12,0.62932542304615,0.5714285714285714,High Novelty
Pgp-Lead-253,O=c1c(-c2ccc(Cl)cc2Cl)coc2c1c(O)cc1occ(-c3ccc(Cl)cc3Cl)c(=O)c12,0.62932542304615,0.5714285714285714,High Novelty
Pgp-Lead-254,CC1(C)CC[C@]2(SCCO)CC[C@]3(C)C(=CC[C@@H]4[C@@]5(C)Cc6nccnc6[C@@](C)(CO)[C@@H]5CC[C@]43C)[C@@H]2C1,0.6254742804753887,0.6375,High Novelty
Pgp-Lead-255,COC1([C@]23CCC(C)(C)C[C@H]2C2=CC[C@@H]4[C@@]5(C)Cc6nccnc6[C@@](C)(CO)[C@@H]5CC[C@@]4(C)[C@]2(C)CC3)N=N1,0.6231112045612105,0.6341463414634146,High Novelty
Pgp-Lead-256,CC1(C)CC[C@]2(Sc3ccccc3)CC[C@]3(C)C(=CC[C@@H]4[C@@]5(C)Cc6nccnc6[C@@](C)(CO)[C@@H]5CC[C@]43C)[C@@H]2C1,0.6202018105095264,0.6790123456790124,High Novelty
Pgp-Lead-257,CC(=O)[C@]12CCC(C)(C)C[C@H]1C1=CC[C@@H]3[C@@]4(C)Cc5nccnc5[C@@](C)(CO)[C@@H]4CC[C@@]3(C)[C@]1(C)CC2,0.6130779922135546,0.7466666666666667,Analogue/Derivative
Pgp-Lead-258,CC1(C)CC[C@]2(SSc3ccccc3)CC[C@]3(C)C(=CC[C@@H]4[C@@]5(C)Cc6nccnc6[C@@](C)(CO)[C@@H]5CC[C@]43C)[C@@H]2C1,0.5981638012565709,0.6626506024096386,High Novelty
Pgp-Lead-259,Cc1ccccc1S[C@]12CCC(C)(C)C[C@H]1C1=CC[C@@H]3[C@@]4(C)Cc5nccnc5[C@@](C)(CO)[C@@H]4CC[C@@]3(C)[C@]1(C)CC2,0.5970950700242752,0.6428571428571429,High Novelty
Pgp-Lead-260,CC(=O)N(C)[C@]12CCC(C)(C)C[C@H]1C1=CC[C@@H]3[C@@]4(C)Cc5nccnc5[C@@](C)(CO)[C@@H]4CC[C@@]3(C)[C@]1(C)CC2,0.5883126397883207,0.6790123456790124,High Novelty
Pgp-Lead-261,CC1(C)CC[C@]2(SC3CC3)CC[C@]3(C)C(=CC[C@@H]4[C@@]5(C)Cc6nccnc6[C@@](C)(CO)[C@@H]5CC[C@]43C)[C@@H]2C1,0.5834238762152433,0.6296296296296297,High Novelty
Pgp-Lead-262,CCCCCC(=O)O[C@]12CCC(C)(C)C[C@H]1C1=CC[C@@H]3[C@@]4(C)Cc5nccnc5[C@@](C)(CO)[C@@H]4CC[C@@]3(C)[C@]1(C)CC2,0.5796630723467403,0.632183908045977,High Novelty
Pgp-Lead-263,CCCCCC(=O)N[C@]12CCC(C)(C)C[C@H]1C1=CC[C@@H]3[C@@]4(C)Cc5nccnc5[C@@](C)(CO)[C@@H]4CC[C@@]3(C)[C@]1(C)CC2,0.5766427024088774,0.6136363636363636,High Novelty
Pgp-Lead-264,CC1(C)CC[C@]2(C(F)(F)F)CC[C@]3(C)C(=CC[C@@H]4[C@@]5(C)Cc6nccnc6[C@@](C)(CO)[C@@H]5CC[C@]43C)[C@@H]2C1,0.5751316224102208,0.6375,High Novelty
Pgp-Lead-265,CO[C@]12CCC(C)(C)C[C@H]1C1=CC[C@@H]3[C@@]4(C)Cc5nccnc5[C@@](C)(CO)[C@@H]4CC[C@@]3(C)[C@]1(C)CC2,0.5748423506461822,0.6666666666666666,High Novelty
Pgp-Lead-266,CCC(=O)[C@]12CCC(C)(C)C[C@H]1C1=CC[C@@H]3[C@@]4(C)Cc5nccnc5[C@@](C)(CO)[C@@H]4CC[C@@]3(C)[C@]1(C)CC2,0.5713753808519136,0.7272727272727273,Analogue/Derivative
Pgp-Lead-267,CC[C@]12CCC(C)(C)C[C@H]1C1=CC[C@@H]3[C@@]4(C)Cc5nccnc5[C@@](C)(CO)[C@@H]4CC[C@@]3(C)[C@]1(C)CC2,0.57100406695612,0.6538461538461539,High Novelty
Pgp-Lead-268,CCS[C@]12CCC(C)(C)C[C@H]1C1=CC[C@@H]3[C@@]4(C)Cc5nccnc5[C@@](C)(CO)[C@@H]4CC[C@@]3(C)[C@]1(C)CC2,0.5625579326907189,0.6296296296296297,High Novelty
Pgp-Lead-269,CN(C)[C@]12CCC(C)(C)C[C@H]1C1=CC[C@@H]3[C@@]4(C)Cc5nccnc5[C@@](C)(CO)[C@@H]4CC[C@@]3(C)[C@]1(C)CC2,0.5414821501512065,0.6883116883116883,High Novelty
Pgp-Lead-270,CC(=O)N[C@]12CCC(C)(C)C[C@H]1C1=CC[C@@H]3[C@@]4(C)Cc5nccnc5[C@@](C)(CO)[C@@H]4CC[C@@]3(C)[C@]1(C)CC2,0.5404199239909144,0.654320987654321,High Novelty
Pgp-Lead-271,CC1(C)CC[C@]2(c3nc(N)nc4[nH]c5ccccc5c34)CC[C@]3(C)C(=CC[C@@H]4[C@@]5(C)Cc6nccnc6[C@@](C)(CO)[C@@H]5CC[C@]43C)[C@@H]2C1,0.5341853120020168,0.5913978494623656,High Novelty
Pgp-Lead-272,CC1(C)CC[C@]2(Sc3nc(N)nc4[nH]c5ccccc5c34)CC[C@]3(C)C(=CC[C@@H]4[C@@]5(C)Cc6nccnc6[C@@](C)(CO)[C@@H]5CC[C@]43C)[C@@H]2C1,0.5316205824118694,0.5612244897959183,High Novelty
Pgp-Lead-273,Cc1ccccc1[C@]12CCC(C)(C)C[C@H]1C1=CC[C@@H]3[C@@]4(C)Cc5nccnc5[C@@](C)(CO)[C@@H]4CC[C@@]3(C)[C@]1(C)CC2,0.5296379243950023,0.6666666666666666,High Novelty
Pgp-Lead-274,CC1(C)CC[C@]2(C(C)(C)O)CC[C@]3(C)C(=CC[C@@H]4[C@@]5(C)Cc6nccnc6[C@@](C)(CO)[C@@H]5CC[C@]43C)[C@@H]2C1,0.5280090127265756,0.6375,High Novelty
Pgp-Lead-275,CC1(C)CC[C@]2(c3ccc4ccccc4n3)CC[C@]3(C)C(=CC[C@@H]4[C@@]5(C)Cc6nccnc6[C@@](C)(CO)[C@@H]5CC[C@]43C)[C@@H]2C1,0.5193179149269971,0.627906976744186,High Novelty
Pgp-Lead-276,CC(=O)C1([C@]23CCC(C)(C)C[C@H]2C2=CC[C@@H]4[C@@]5(C)Cc6nccnc6[C@@](C)(CO)[C@@H]5CC[C@@]4(C)[C@]2(C)CC3)N=N1,0.5176073733757981,0.6463414634146342,High Novelty
Pgp-Lead-277,CC1(C)CC[C@]2(c3ccccc3Cl)CC[C@]3(C)C(=CC[C@@H]4[C@@]5(C)Cc6nccnc6[C@@](C)(CO)[C@@H]5CC[C@]43C)[C@@H]2C1,0.5153771013423707,0.6506024096385542,High Novelty
Pgp-Lead-278,CN(C)C1([C@]23CCC(C)(C)C[C@H]2C2=CC[C@@H]4[C@@]5(C)Cc6nccnc6[C@@](C)(CO)[C@@H]5CC[C@@]4(C)[C@]2(C)CC3)N=N1,0.5111493566894735,0.654320987654321,High Novelty
Pgp-Lead-279,CC(C)C[C@]12CCC(C)(C)C[C@H]1C1=CC[C@@H]3[C@@]4(C)Cc5nccnc5[C@@](C)(CO)[C@@H]4CC[C@@]3(C)[C@]1(C)CC2,0.5040160180727936,0.6296296296296297,High Novelty
Pgp-Lead-280,CCC(=O)C1([C@]23CCC(C)(C)C[C@H]2C2=CC[C@@H]4[C@@]5(C)Cc6nccnc6[C@@](C)(CO)[C@@H]5CC[C@@]4(C)[C@]2(C)CC3)N=N1,0.5017360863981862,0.6309523809523809,High Novelty
Pgp-Lead-281,CC1(C)CC[C@]2(c3cc(=O)c4ccccc4o3)CC[C@]3(C)C(=CC[C@@H]4[C@@]5(C)Cc6nccnc6[C@@](C)(CO)[C@@H]5CC[C@]43C)[C@@H]2C1,0.5013131607220813,0.6111111111111112,High Novelty
Pgp-Lead-282,CC(=O)N1CCN([C@]23CCC(C)(C)C[C@H]2C2=CC[C@@H]4[C@@]5(C)Cc6nccnc6[C@@](C)(CO)[C@@H]5CC[C@@]4(C)[C@]2(C)CC3)CC1,0.5003424250017581,0.6162790697674418,High Novelty
Pgp-Lead-283,CC(=O)O[C@]12CCC(C)(C)C[C@H]1C1=CC[C@@H]3[C@@]4(C)Cc5nccnc5[C@@](C)(CO)[C@@H]4CC[C@@]3(C)[C@]1(C)CC2,0.49805721870247255,0.675,High Novelty
Pgp-Lead-284,COc1cc(=O)c2c(-c3cc(=O)c4c(OC)cccc4o3)cccc2o1,0.4845081501219515,0.4489795918367347,High Novelty
Pgp-Lead-285,CC(C)[C@]12CCC(C)(C)C[C@H]1C1=CC[C@@H]3[C@@]4(C)Cc5nccnc5[C@@](C)(CO)[C@@H]4CC[C@@]3(C)[C@]1(C)CC2,0.47989854130212456,0.6455696202531646,High Novelty
Pgp-Lead-286,CN([C@]12CCC(C)(C)C[C@H]1C1=CC[C@@H]3[C@@]4(C)Cc5nccnc5[C@@](C)(CO)[C@@H]4CC[C@@]3(C)[C@]1(C)CC2)S(=O)(=O)c1ccc(N)cc1,0.4789691788344034,0.6111111111111112,High Novelty
Pgp-Lead-287,O=c1cc(-c2ccc3[nH]c(-c4cc5cc(-c6cc(=O)c7ccccc7o6)ccc5[nH]4)cc3c2)oc2ccccc12,0.4718523103057489,0.5319148936170213,High Novelty
Pgp-Lead-288,O=c1cc(-c2ccc(F)c(-c3ccc(F)c(-c4cc(=O)c5ccccc5o4)c3)c2)oc2ccccc12,0.4648989037010013,0.5434782608695652,High Novelty
Pgp-Lead-289,Cc1c(C)c2ccc(N3c4ccccc4CCc4ccccc43)cc2oc1=O,0.45959032705496666,0.4576271186440678,High Novelty
Pgp-Lead-290,O=c1cc(-c2ccc(F)c(-c3cc(=O)c4ccccc4o3)c2)oc2ccccc12,0.45806776310071545,0.5681818181818182,High Novelty
Pgp-Lead-291,O=c1cc(-c2ccccc2-c2ccccc2-c2cc(=O)c3ccccc3o2)oc2ccccc12,0.4560661909731784,0.525,High Novelty
Pgp-Lead-292,O=c1cc(-c2cccc3oc(-c4ccccc4)cc(=O)c23)oc2cccc(-c3ccccc3)c12,0.45582109046331803,0.5365853658536586,High Novelty
Pgp-Lead-293,O=c1cc(-c2ccccc2)oc2cccc(-c3cccc4oc(-c5ccccc5)cc(=O)c34)c12,0.4555238524214482,0.5789473684210527,High Novelty
Pgp-Lead-294,O=c1cc(-c2ccccc2-c2cc(=O)c3ccccc3o2)oc2ccccc12,0.4532536205856148,0.5384615384615384,High Novelty
Pgp-Lead-295,O=c1cc(-c2ccc(F)c(-c3cc(-c4cc(=O)c5ccccc5o4)ccc3F)c2)oc2ccccc12,0.4530667041230247,0.5813953488372093,High Novelty
Pgp-Lead-296,O=c1cc(-c2cc(=O)c3c(-c4ccccc4)cccc3o2)oc2cccc(-c3ccccc3)c12,0.4513547456140242,0.5,High Novelty
Pgp-Lead-297,O=c1cc(-c2ccc(-c3ccc(-c4cc(=O)c5ccccc5o4)c(O)c3)c(O)c2)oc2ccccc12,0.4439739439698823,0.5555555555555556,High Novelty
Pgp-Lead-298,O=c1cc(-c2ccc(-c3cc(=O)c4cc(Br)ccc4o3)cc2)oc2ccc(Br)cc12,0.4439546487673234,0.5121951219512195,High Novelty
Pgp-Lead-299,O=c1cc(-c2ccc(-c3ccc(-c4cc(=O)c5ccccc5o4)c(O)c3)cc2O)oc2ccccc12,0.4405899142306914,0.5227272727272727,High Novelty
Pgp-Lead-300,O=c1cc(-c2ccc(-c3cc(=O)c4ccccc4o3)c(O)c2)oc2ccccc12,0.43997683106484814,0.5813953488372093,High Novelty
Pgp-Lead-301,O=c1cc(-c2ccc(-c3ccc(-c4cc(=O)c5ccccc5o4)cc3O)c(O)c2)oc2ccccc12,0.43854636474152886,0.5952380952380952,High Novelty
Pgp-Lead-302,Cc1c(C)c2ccc(Oc3ccc4c(C)c(C)c(=O)oc4c3)cc2oc1=O,0.4380651067629842,0.47058823529411764,High Novelty
Pgp-Lead-303,O=c1cc(-c2ccc(-c3ccc(-c4cc(=O)c5ccccc5o4)cc3)cc2)oc2ccccc12,0.43661012464257287,0.6486486486486487,High Novelty
Pgp-Lead-304,O=c1cc(-c2ccc(-c3cc(=O)c4ccccc4o3)cc2)oc2ccccc12,0.4362890612704329,0.6666666666666666,High Novelty
Pgp-Lead-305,COc1cccc2oc(-c3cc(=O)c4c(OC)cccc4o3)cc(=O)c12,0.43610278688753834,0.55,High Novelty
Pgp-Lead-306,O=c1cc(-c2cccc(-c3cc(=O)c4ccccc4o3)c2)oc2ccccc12,0.4319016241953332,0.631578947368421,High Novelty
Pgp-Lead-307,O=c1cc(-c2cccc(-c3cccc(-c4cc(=O)c5ccccc5o4)c3)c2)oc2ccccc12,0.43063859750077316,0.6153846153846154,High Novelty
